4.1.3
MariaDB [dbpos_sib6]> SELECT pesanan.id, pesanan.tanggal, pesanan.total, pelanggan.nama, produk.kode, produk.nama, jenis_produk.nama, pesanan_items.qty, pesanan_items.harga as harga_jual FROM pesanan INNER JOIN pesanan_items ON pesanan.id=pesanan_items.pesanan_id
    -> INNER JOIN produk ON pesanan_items.produk_id=produk.id
    -> INNER JOIN pelanggan ON pesanan.pelanggan_id=pelanggan.id
    -> INNER JOIN jenis_produk ON produk.jenis_produk_id=jenis_produk.id;
+----+------------+---------+--------------------+------+-------------------+-------------+------+------------+
| id | tanggal    | total   | nama               | kode | nama              | nama        | qty  | harga_jual |
+----+------------+---------+--------------------+------+-------------------+-------------+------+------------+
|  1 | 2015-11-04 | 9720000 | Agung Sedayu Group | TV01 | Televisi 21 inchs | elektroniks |    1 |    5040000 |
|  1 | 2015-11-04 | 9720000 | Agung Sedayu Group | K001 | Kulkas 2 pintu    | elektroniks |    1 |    4680000 |
|  2 | 2015-11-04 |   17500 | Sekar Mirah        | TK01 | Teh Kotak         | minuman     |    5 |       3500 |
|  3 | 2015-11-04 |       0 | Gayatri Dwi        | TK01 | Teh Kotak         | minuman     |   10 |       3500 |
|  3 | 2015-11-04 |       0 | Gayatri Dwi        | TV01 | Televisi 21 inchs | elektroniks |    1 |    5040000 |
|  5 | 2015-11-04 |       0 | Cassanndra         | TK01 | Teh Kotak         | minuman     |   10 |       3500 |
|  6 | 2015-11-04 |       0 | Pandan Wangi       | TK01 | Teh Kotak         | minuman     |   20 |       3500 |
+----+------------+---------+--------------------+------+-------------------+-------------+------+------------+
7 rows in set (0.002 sec)



4.2.3
MariaDB [dbpos_sib6]> CREATE VIEW laporan_pesanan AS
    -> SELECT pesanan.id, pesanan.tanggal, pesanan.total, pelanggan.nama AS nama_pelanggan,
    ->        produk.kode, produk.nama AS nama_produk, jenis_produk.nama AS jenis_produk,
    ->        pesanan_items.qty, pesanan_items.harga AS harga_jual
    -> FROM pesanan
    -> INNER JOIN pesanan_items ON pesanan.id = pesanan_items.pesanan_id
    -> INNER JOIN produk ON pesanan_items.produk_id = produk.id
    -> INNER JOIN pelanggan ON pesanan.pelanggan_id = pelanggan.id
    -> INNER JOIN jenis_produk ON produk.jenis_produk_id = jenis_produk.id;
Query OK, 0 rows affected (0.011 sec)

MariaDB [dbpos_sib6]> select * from laporan_pesanan;
+----+------------+---------+--------------------+------+-------------------+--------------+------+------------+
| id | tanggal    | total   | nama_pelanggan     | kode | nama_produk       | jenis_produk | qty  | harga_jual |
+----+------------+---------+--------------------+------+-------------------+--------------+------+------------+
|  1 | 2015-11-04 | 9720000 | Agung Sedayu Group | TV01 | Televisi 21 inchs | elektroniks  |    1 |    5040000 |
|  1 | 2015-11-04 | 9720000 | Agung Sedayu Group | K001 | Kulkas 2 pintu    | elektroniks  |    1 |    4680000 |
|  2 | 2015-11-04 |   17500 | Sekar Mirah        | TK01 | Teh Kotak         | minuman      |    5 |       3500 |
|  3 | 2015-11-04 |       0 | Gayatri Dwi        | TK01 | Teh Kotak         | minuman      |   10 |       3500 |
|  3 | 2015-11-04 |       0 | Gayatri Dwi        | TV01 | Televisi 21 inchs | elektroniks  |    1 |    5040000 |
|  5 | 2015-11-04 |       0 | Cassanndra         | TK01 | Teh Kotak         | minuman      |   10 |       3500 |
|  6 | 2015-11-04 |       0 | Pandan Wangi       | TK01 | Teh Kotak         | minuman      |   20 |       3500 |
+----+------------+---------+--------------------+------+-------------------+--------------+------+------------+
7 rows in set (0.003 sec)



4.3
(1.)
MariaDB [dbpos_sib6]> start transaction;
Query OK, 0 rows affected (0.000 sec)

MariaDB [dbpos_sib6]> insert into produk
    -> (kode, nama, harga_beli, harga_jual, stok, min_stok, foto, deskripsi, jenis_produk_id)
    -> values
    -> ('TV11', 'televisi 80 inchs', 40000000, 45000000, 3, 5, 'tvgede.jpg', 'tv nya gede banget bro', 1),
    -> ('TV12', 'televisi 70 inchs', 30000000, 41000000, 2, 5, 'tvguedeee.jpg', 'tv nya gede ya!', 1),
    -> ('TV13', 'televisi 60 inchs', 20000000, 40000000, 12, 10, 'tvgde.jpg', 'tv nya itu loh gedee banget!', 1);
Query OK, 3 rows affected (0.002 sec)
Records: 3  Duplicates: 0  Warnings: 0

MariaDB [dbpos_sib6]> select * from produk;
+----+--------+-------------------+------------+------------+------+----------+------------------------+---------------------------------------------------------------------------------------------------------------------------------------------------------------------------------------------------------------------+-----------------+
| id | kode   | nama              | harga_beli | harga_jual | stok | min_stok | foto                   | deskripsi                                                                                                                                                                                                           | jenis_produk_id |
+----+--------+-------------------+------------+------------+------+----------+------------------------+---------------------------------------------------------------------------------------------------------------------------------------------------------------------------------------------------------------------+-----------------+
|  1 | TV01   | Televisi 21 inchs |    3500000 |   50500000 |    5 |        2 |                        | NULL                                                                                                                                                                                                                |               1 |
|  2 | TV02   | Televisi 40 inch  |    5500000 |    7440000 |    4 |        2 | NULL                   | NULL                                                                                                                                                                                                                |               1 |
|  3 | K001   | Kulkas 2 pintu    |    3500000 |    4680000 |    6 |        2 |                        | NULL                                                                                                                                                                                                                |               1 |
|  4 | M001   | Meja Makan        |     500000 |     600000 |    4 |        3 | NULL                   | NULL                                                                                                                                                                                                                |               2 |
|  5 | TK01   | Teh Kotak         |       3000 |       3500 |    6 |       10 | foto-5.png             | NULL                                                                                                                                                                                                                |               4 |
|  6 | PC01   | PC Desktop HP     |    7000000 |    9984000 |    9 |        2 | NULL                   | NULL                                                                                                                                                                                                                |               5 |
|  7 | TB01   | Teh Botol         |       2000 |       2500 |   53 |       10 | foto-7.jpg             | NULL                                                                                                                                                                                                                |               4 |
|  8 | AC01   | Notebook Acer S   |    8000000 |   11232000 |    7 |        2 | NULL                   | NULL                                                                                                                                                                                                                |               5 |
|  9 | LN01   | Notebook Lenovo   |    9000000 |   12480000 |    9 |        2 | NULL                   | NULL                                                                                                                                                                                                                |               5 |
| 11 | L005   | Laptop Lenovo     |   13000000 |   16000000 |    5 |        2 |                        | NULL                                                                                                                                                                                                                |               1 |
| 15 | L112   | Kopi              |      20000 |      30000 |   10 |       15 | foto-15.png            | Luwak White Coffee merupakan bubuk biji kopi luwak yang dikombinasikan dengan gurihnya krimer serta manisnya gula. Keharuman kopi serta rasa manisnya yang pas juga membuat popularitas Luwak White Coffee melejit. |               4 |
| 16 | L113   | Teh Sosro 2       |      10000 |      15000 |   10 |       12 | .png                   | NULL                                                                                                                                                                                                                |               1 |
| 18 | L0015  | Laptop Asus       |    3000000 |    5000000 |   10 |       20 | foto-65542ffa66604.jpg | NULL                                                                                                                                                                                                                |               1 |
| 19 | TV0115 | Televisi 22 inc`  |    3500000 |   50500000 |    5 |        2 | NULL                   | NULL                                                                                                                                                                                                                |               1 |
| 20 | TV0116 | Televisi 23 inc   |    3500000 |   50500000 |    5 |        2 | NULL                   | NULL                                                                                                                                                                                                                |               1 |
| 21 | TV0117 | Televisi 24 inc   |    3500000 |   50500000 |    5 |        2 | NULL                   | NULL                                                                                                                                                                                                                |               1 |
| 22 | TV0118 | Televisi 25 inc   |    3500000 |   50500000 |    5 |        2 | NULL                   | NULL                                                                                                                                                                                                                |               1 |
| 24 | TV0120 | Televisi 27 inc   |    3500000 |   50500000 |    5 |        2 | NULL                   | NULL                                                                                                                                                                                                                |               1 |
| 25 | TV0121 | Televisi 28 inc   |    3500000 |   50500000 |    5 |        2 | NULL                   | NULL                                                                                                                                                                                                                |               1 |
| 26 | TV0122 | Televisi 29 inc   |    3500000 |   50500000 |    5 |        2 | NULL                   | NULL                                                                                                                                                                                                                |               1 |
| 27 | THP001 | Teh Pucuk         |       4000 |       5000 |   10 |        2 | pucuk.jpg              | Teh pucuk adalah                                                                                                                                                                                                    |               4 |
| 28 | THP002 | Teh Pucuk2        |       4000 |       5000 |   10 |        2 | pucuk.jpg              | Teh pucuk adalah                                                                                                                                                                                                    |               4 |
| 33 | TV11   | televisi 80 inchs |   40000000 |   45000000 |    3 |        5 | tvgede.jpg             | tv nya gede banget bro                                                                                                                                                                                              |               1 |
| 34 | TV12   | televisi 70 inchs |   30000000 |   41000000 |    2 |        5 | tvguedeee.jpg          | tv nya gede ya!                                                                                                                                                                                                     |               1 |
| 35 | TV13   | televisi 60 inchs |   20000000 |   40000000 |   12 |       10 | tvgde.jpg              | tv nya itu loh gedee banget!                                                                                                                                                                                        |               1 |
+----+--------+-------------------+------------+------------+------+----------+------------------------+---------------------------------------------------------------------------------------------------------------------------------------------------------------------------------------------------------------------+-----------------+
25 rows in set (0.000 sec)

MariaDB [dbpos_sib6]> update produk set stok = 10 where id = 35;
Query OK, 1 row affected (0.001 sec)
Rows matched: 1  Changed: 1  Warnings: 0

MariaDB [dbpos_sib6]> select * from produk;
+----+--------+-------------------+------------+------------+------+----------+------------------------+---------------------------------------------------------------------------------------------------------------------------------------------------------------------------------------------------------------------+-----------------+
| id | kode   | nama              | harga_beli | harga_jual | stok | min_stok | foto                   | deskripsi                                                                                                                                                                                                           | jenis_produk_id |
+----+--------+-------------------+------------+------------+------+----------+------------------------+---------------------------------------------------------------------------------------------------------------------------------------------------------------------------------------------------------------------+-----------------+
|  1 | TV01   | Televisi 21 inchs |    3500000 |   50500000 |    5 |        2 |                        | NULL                                                                                                                                                                                                                |               1 |
|  2 | TV02   | Televisi 40 inch  |    5500000 |    7440000 |    4 |        2 | NULL                   | NULL                                                                                                                                                                                                                |               1 |
|  3 | K001   | Kulkas 2 pintu    |    3500000 |    4680000 |    6 |        2 |                        | NULL                                                                                                                                                                                                                |               1 |
|  4 | M001   | Meja Makan        |     500000 |     600000 |    4 |        3 | NULL                   | NULL                                                                                                                                                                                                                |               2 |
|  5 | TK01   | Teh Kotak         |       3000 |       3500 |    6 |       10 | foto-5.png             | NULL                                                                                                                                                                                                                |               4 |
|  6 | PC01   | PC Desktop HP     |    7000000 |    9984000 |    9 |        2 | NULL                   | NULL                                                                                                                                                                                                                |               5 |
|  7 | TB01   | Teh Botol         |       2000 |       2500 |   53 |       10 | foto-7.jpg             | NULL                                                                                                                                                                                                                |               4 |
|  8 | AC01   | Notebook Acer S   |    8000000 |   11232000 |    7 |        2 | NULL                   | NULL                                                                                                                                                                                                                |               5 |
|  9 | LN01   | Notebook Lenovo   |    9000000 |   12480000 |    9 |        2 | NULL                   | NULL                                                                                                                                                                                                                |               5 |
| 11 | L005   | Laptop Lenovo     |   13000000 |   16000000 |    5 |        2 |                        | NULL                                                                                                                                                                                                                |               1 |
| 15 | L112   | Kopi              |      20000 |      30000 |   10 |       15 | foto-15.png            | Luwak White Coffee merupakan bubuk biji kopi luwak yang dikombinasikan dengan gurihnya krimer serta manisnya gula. Keharuman kopi serta rasa manisnya yang pas juga membuat popularitas Luwak White Coffee melejit. |               4 |
| 16 | L113   | Teh Sosro 2       |      10000 |      15000 |   10 |       12 | .png                   | NULL                                                                                                                                                                                                                |               1 |
| 18 | L0015  | Laptop Asus       |    3000000 |    5000000 |   10 |       20 | foto-65542ffa66604.jpg | NULL                                                                                                                                                                                                                |               1 |
| 19 | TV0115 | Televisi 22 inc`  |    3500000 |   50500000 |    5 |        2 | NULL                   | NULL                                                                                                                                                                                                                |               1 |
| 20 | TV0116 | Televisi 23 inc   |    3500000 |   50500000 |    5 |        2 | NULL                   | NULL                                                                                                                                                                                                                |               1 |
| 21 | TV0117 | Televisi 24 inc   |    3500000 |   50500000 |    5 |        2 | NULL                   | NULL                                                                                                                                                                                                                |               1 |
| 22 | TV0118 | Televisi 25 inc   |    3500000 |   50500000 |    5 |        2 | NULL                   | NULL                                                                                                                                                                                                                |               1 |
| 24 | TV0120 | Televisi 27 inc   |    3500000 |   50500000 |    5 |        2 | NULL                   | NULL                                                                                                                                                                                                                |               1 |
| 25 | TV0121 | Televisi 28 inc   |    3500000 |   50500000 |    5 |        2 | NULL                   | NULL                                                                                                                                                                                                                |               1 |
| 26 | TV0122 | Televisi 29 inc   |    3500000 |   50500000 |    5 |        2 | NULL                   | NULL                                                                                                                                                                                                                |               1 |
| 27 | THP001 | Teh Pucuk         |       4000 |       5000 |   10 |        2 | pucuk.jpg              | Teh pucuk adalah                                                                                                                                                                                                    |               4 |
| 28 | THP002 | Teh Pucuk2        |       4000 |       5000 |   10 |        2 | pucuk.jpg              | Teh pucuk adalah                                                                                                                                                                                                    |               4 |
| 33 | TV11   | televisi 80 inchs |   40000000 |   45000000 |    3 |        5 | tvgede.jpg             | tv nya gede banget bro                                                                                                                                                                                              |               1 |
| 34 | TV12   | televisi 70 inchs |   30000000 |   41000000 |    2 |        5 | tvguedeee.jpg          | tv nya gede ya!                                                                                                                                                                                                     |               1 |
| 35 | TV13   | televisi 60 inchs |   20000000 |   40000000 |   10 |       10 | tvgde.jpg              | tv nya itu loh gedee banget!                                                                                                                                                                                        |               1 |
+----+--------+-------------------+------------+------------+------+----------+------------------------+---------------------------------------------------------------------------------------------------------------------------------------------------------------------------------------------------------------------+-----------------+
25 rows in set (0.000 sec)

MariaDB [dbpos_sib6]> savepoint update_produk;
Query OK, 0 rows affected (0.000 sec)

MariaDB [dbpos_sib6]> select * from pembayaran;
+----+------------+------------+--------+------+------------+-------------------+
| id | nokuitansi | tanggal    | jumlah | ke   | pesanan_id | status_pembayaran |
+----+------------+------------+--------+------+------------+-------------------+
|  1 | MD001      | 0000-00-00 |  30000 |    1 |         11 | Lunas             |
|  2 | MD002      | 2023-10-10 |  30000 |    2 |         11 | Lunas             |
|  3 | MD003      | 2023-10-10 |  30000 |    1 |         11 | Lunas             |
|  4 | MD004      | 2023-10-10 |  15000 |    1 |          2 |                   |
|  5 | MD005      | 2023-10-10 |  18000 |    2 |          2 | Lunas             |
+----+------------+------------+--------+------+------------+-------------------+
5 rows in set (0.002 sec)

MariaDB [dbpos_sib6]> delete from pembayaran where id=3;
Query OK, 1 row affected (0.005 sec)

MariaDB [dbpos_sib6]> select * from pembayaran;
+----+------------+------------+--------+------+------------+-------------------+
| id | nokuitansi | tanggal    | jumlah | ke   | pesanan_id | status_pembayaran |
+----+------------+------------+--------+------+------------+-------------------+
|  1 | MD001      | 0000-00-00 |  30000 |    1 |         11 | Lunas             |
|  2 | MD002      | 2023-10-10 |  30000 |    2 |         11 | Lunas             |
|  4 | MD004      | 2023-10-10 |  15000 |    1 |          2 |                   |
|  5 | MD005      | 2023-10-10 |  18000 |    2 |          2 | Lunas             |
+----+------------+------------+--------+------+------------+-------------------+
4 rows in set (0.000 sec)

MariaDB [dbpos_sib6]> rollback;
Query OK, 0 rows affected (0.007 sec)

MariaDB [dbpos_sib6]> select * from pembayaran;
+----+------------+------------+--------+------+------------+-------------------+
| id | nokuitansi | tanggal    | jumlah | ke   | pesanan_id | status_pembayaran |
+----+------------+------------+--------+------+------------+-------------------+
|  1 | MD001      | 0000-00-00 |  30000 |    1 |         11 | Lunas             |
|  2 | MD002      | 2023-10-10 |  30000 |    2 |         11 | Lunas             |
|  3 | MD003      | 2023-10-10 |  30000 |    1 |         11 | Lunas             |
|  4 | MD004      | 2023-10-10 |  15000 |    1 |          2 |                   |
|  5 | MD005      | 2023-10-10 |  18000 |    2 |          2 | Lunas             |
+----+------------+------------+--------+------+------------+-------------------+
5 rows in set (0.002 sec)

MariaDB [dbpos_sib6]> select * from kartu;
+----+------+---------------+--------+--------+
| id | kode | nama          | diskon | iuran  |
+----+------+---------------+--------+--------+
|  1 | GOLD | Gold Utama    |   0.05 | 100000 |
|  2 | PLAT | Platinum Jaya |    0.1 | 150000 |
|  3 | SLV  | Silver        |  0.025 |  50000 |
|  4 | NO   | Non Member    |      0 |      0 |
|  7 | PGU  | Perunggu      |    0.5 |   2000 |
+----+------+---------------+--------+--------+
5 rows in set (0.021 sec)

MariaDB [dbpos_sib6]> update kartu set iuran = 123000 where id = 7;
Query OK, 1 row affected (0.005 sec)
Rows matched: 1  Changed: 1  Warnings: 0

MariaDB [dbpos_sib6]> select * from kartu;
+----+------+---------------+--------+--------+
| id | kode | nama          | diskon | iuran  |
+----+------+---------------+--------+--------+
|  1 | GOLD | Gold Utama    |   0.05 | 100000 |
|  2 | PLAT | Platinum Jaya |    0.1 | 150000 |
|  3 | SLV  | Silver        |  0.025 |  50000 |
|  4 | NO   | Non Member    |      0 |      0 |
|  7 | PGU  | Perunggu      |    0.5 | 123000 |
+----+------+---------------+--------+--------+
5 rows in set (0.001 sec)

MariaDB [dbpos_sib6]> commit;
Query OK, 0 rows affected (0.000 sec)

(2.) LOCK TABLES READ:
Jika ada operasi panjang atau kompleks yang melibatkan pembacaan (read) data dari tabel-tabel yang terlibat dalam query, penggunaan LOCK TABLES READ bisa relevan. Misalnya, jika ada beberapa transaksi atau proses yang membaca data dari tabel-tabel yang sama secara bersamaan, dan kita ingin memastikan konsistensi data, kita bisa menggunakan LOCK TABLES READ untuk mengunci tabel-tabel tersebut sementara proses pembacaan berlangsung.

(3.) LOCK TABLES WRITE:
Penggunaan LOCK TABLES WRITE jika ada operasi penulisan yang sensitif dan ingin memastikan bahwa tidak ada transaksi lain yang mengubah data yang sedang ditulis. Misalnya, jika melakukan penambahan produk baru ke tabel produk dan ingin memastikan bahwa tidak ada transaksi lain yang mengubah atau menambah data pada tabel tersebut selama proses penulisan berlangsung, kita bisa menggunakan LOCK TABLES WRITE sebelum operasi penulisan dimulai. Namun, penggunaan LOCK TABLES WRITE harus dipertimbangkan secara hati-hati karena dapat menyebabkan penundaan bagi transaksi lain yang membutuhkan akses ke tabel yang sama.